outlet_type,average_item_mrp
Supermarket Type3,142.8262407051282
Grocery Store,141.96082382271467
Supermarket Type1,140.7114094700027
Supermarket Type2,139.98320097087378
