item_type,average_item_mrp
Starchy Foods,152.09287933884295
Household,147.75482413793102
Snack Foods,146.8639226869455
Dairy,145.32588898678412
Fruits and Vegetables,143.86728220230472
Breads,142.05489333333335
Soft Drinks,141.59765124555162
Meat,140.85021286173634
Seafood,139.873152
Hard Drinks,137.60895
Canned,136.9157875862069
Health and Hygiene,136.6298603550296
Others,135.1056
Frozen Foods,133.40984175438598
Breakfast,132.48152631578947
Baking Goods,129.05230410958904
